Liam,liam@email.com Noah,noah@email.com 3
Liam,liam@email.com Emmah,emmah@email.com 1
Noah,noah@email.com Emmah,emmah@email.com 7
Emmah,emmah@email.com Ava,ava@email.com 2
Ava,ava@email.com William,william@email.com 3
Ava,ava@email.com Sophia,sophia@email.com 6
Sophia,sophia@email.com William,william@email.com 2
Elijah,elijah@email.com James,james@email.com 1
Elijah,elijah@email.com Mia,mia@email.com 5
Mia,mia@email.com James,james@email.com 7
Kate,kate@email.com Mia,mia@email.com 4
